Area,Median Household Income,Median Age,Total Population,Occupied,Vacant,Work Commute Short,Work Commute Average,Work Commute Long,Geometry
Brighton,87832.79,29.9,48999,21531,1451,24405,350790,368125,"POLYGON ((-71.174265 42.349584, -71.174798 42.350265, -71.173935 42.353397, -71.171387 42.356089, -71.169474 42.358047, -71.162894 42.357953, -71.161769 42.35818, -71.160899 42.358625, -71.153994 42.359316, -71.148472 42.360526, -71.144514 42.362933, -71.139551 42.363698, -71.135452 42.364849, -71.135331 42.363175, -71.136273 42.360903, -71.136596 42.360161, -71.136961 42.359315, -71.137979 42.357608, -71.139066 42.353791, -71.137341 42.35359, -71.140266 42.352543, -71.143981 42.351433, -71.145612 42.350786, -71.147079 42.350165, -71.141654 42.349273, -71.140366 42.348686, -71.139731 42.348977, -71.13758 42.348649, -71.136379 42.350393, -71.135724 42.34904, -71.135042 42.348165, -71.135757 42.347968, -71.134674 42.34685, -71.134254 42.346577, -71.135155 42.346023, -71.135985 42.345366, -71.137824 42.343876, -71.138809 42.343087, -71.139977 42.34214, -71.141298 42.34107, -71.141754 42.340396, -71.144212 42.340022, -71.144779 42.339657, -71.146215 42.338632, -71.146156 42.337442, -71.147266 42.337201, -71.148482 42.336253, -71.148295 42.335807, -71.150104 42.335282, -71.149853 42.334635, -71.156262 42.330847, -71.157036 42.33039, -71.160917 42.333639, -71.162732 42.333961, -71.167565 42.333441, -71.168886 42.335826, -71.168936 42.338449, -71.16674 42.339854, -71.166699 42.340009, -71.174265 42.349584))"
Allston,79622,26.8,21762,8198,944,6945,124315,122555,"POLYGON ((-71.114119 42.35239, -71.110732 42.351819, -71.110936 42.350446, -71.115808 42.351017, -71.120286 42.351557, -71.121311 42.351675, -71.122855 42.351861, -71.123518 42.351486, -71.124067 42.351552, -71.126215 42.350412, -71.12858 42.349696, -71.129746 42.34885, -71.133381 42.347122, -71.134254 42.346577, -71.134674 42.34685, -71.135757 42.347968, -71.135042 42.348165, -71.135724 42.34904, -71.136379 42.350393, -71.13758 42.348649, -71.139731 42.348977, -71.140366 42.348686, -71.141654 42.349273, -71.147079 42.350165, -71.145612 42.350786, -71.143981 42.351433, -71.140266 42.352543, -71.137341 42.35359, -71.139066 42.353791, -71.137979 42.357608, -71.136961 42.359315, -71.136596 42.360161, -71.136273 42.360903, -71.135331 42.363175, -71.135452 42.364849, -71.132803 42.366127, -71.130648 42.368535, -71.129953 42.372684, -71.128547 42.372734, -71.12712 42.371818, -71.12682 42.370267, -71.125308 42.368858, -71.121961 42.36781, -71.119789 42.367674, -71.118349 42.366914, -71.117648 42.360915, -71.118419 42.356539, -71.118126 42.355092, -71.114119 42.35239))"
Charlestown,116870.3,42.6,36194,16111,1751,16765,210000,141285,"MULTIPOLYGON (((-71.059795 42.368767, -71.062994 42.368391, -71.064059 42.369001, -71.067115 42.371816, -71.070545 42.372356, -71.072466 42.372658, -71.072689 42.373222, -71.075657 42.380196, -71.080701 42.381039, -71.080932 42.382133, -71.079428 42.38332, -71.078727 42.384306, -71.077638 42.385838, -71.077405 42.386167, -71.073496 42.391796, -71.072696 42.390796, -71.069322 42.394022, -71.066944 42.394755, -71.066997 42.394006, -71.070696 42.389596, -71.070896 42.388996, -71.065695 42.386596, -71.055524 42.387119, -71.055295 42.387097, -71.048186 42.385686, -71.047284 42.385284, -71.044298 42.383209, -71.044982 42.378543, -71.045195 42.377097, -71.046817295921 42.3730407567864, -71.047018 42.37312, -71.050598 42.372872, -71.052642 42.370788, -71.0526194076875 42.370697, -71.054995 42.370697, -71.057141 42.369982, -71.059795 42.368767)), ((-72.459641 42.516427, -72.439538 42.518579, -72.440884 42.510402, -72.368469 42.502491, -72.358182 42.501346, -72.35679 42.548702, -72.271352 42.547227, -72.269111 42.533425, -72.244868 42.513439, -72.291288 42.479525, -72.283259 42.441189, -72.28734 42.438458, -72.287278 42.437246, -72.290726 42.43734, -72.288674 42.435575, -72.290888 42.434045, -72.292091 42.429966, -72.293556 42.430022, -72.297096 42.426593, -72.300329 42.424562, -72.302457 42.424019, -72.301285 42.423619, -72.300992 42.421945, -72.302279 42.420316, -72.30561 42.420357, -72.306681 42.419201, -72.306481 42.416468, -72.308616 42.414691, -72.309302 42.410857, -72.310273 42.410674, -72.310357 42.407929, -72.313572 42.40664, -72.312569 42.403503, -72.31404 42.399183, -72.315088 42.398856, -72.313631 42.396404, -72.315819 42.39454, -72.313391 42.392759, -72.314508 42.391655, -72.312658 42.390932, -72.312572 42.38867, -72.310043 42.38739, -72.311646 42.386609, -72.310852 42.385866, -72.312924 42.382687, -72.31435 42.381656, -72.313117 42.378751, -72.313641 42.377584, -72.312066 42.376431, -72.313159 42.373587, -72.312087 42.373765, -72.311431 42.372206, -72.314567 42.371405, -72.315655 42.369479, -72.313108 42.368557, -72.310505 42.364294, -72.312965 42.362114, -72.311546 42.35885, -72.313799 42.357791, -72.313121 42.355697, -72.313653 42.354336, -72.312219 42.352524, -72.312611 42.350796, -72.314277 42.348338, -72.314253 42.343688, -72.314924 42.342645, -72.315055 42.339411, -72.317631 42.339626, -72.323165 42.333523, -72.322347 42.332114, -72.322724 42.331039, -72.324865 42.33082, -72.326054 42.328478, -72.324673 42.326766, -72.326214 42.325158, -72.326762 42.326814, -72.327996 42.326397, -72.328219 42.325248, -72.3274 42.323477, -72.327223 42.320467, -72.328333 42.318558, -72.329118 42.319687, -72.332302 42.319409, -72.334715 42.317618, -72.335246 42.315142, -72.337705 42.314539, -72.342091 42.314331, -72.343597 42.311887, -72.345889 42.309969, -72.348656 42.309176, -72.350159 42.310312, -72.351459 42.309993, -72.349889 42.308043, -72.352771 42.30768, -72.350659 42.30739, -72.349556 42.306031, -72.350675 42.304002, -72.351689 42.304262, -72.3522 42.306423, -72.35421 42.305684, -72.356018 42.303283, -72.357215 42.304903, -72.360632 42.307654, -72.360478 42.3087, -72.358731 42.308822, -72.359032 42.309757, -72.357328 42.31039, -72.356096 42.313514, -72.354556 42.316049, -72.355227 42.318198, -72.353002 42.321252, -72.354302 42.323683, -72.351178 42.324884, -72.353594 42.327692, -72.351128 42.329563, -72.352532 42.331135, -72.352524 42.332438, -72.351199 42.334417, -72.3535 42.337585, -72.352884 42.338174, -72.354061 42.340085, -72.355396 42.340678, -72.35503 42.342715, -72.356564 42.343234, -72.359376 42.345566, -72.358028 42.347912, -72.358406 42.349929, -72.356448 42.350667, -72.357947 42.353094, -72.357193 42.3543, -72.358969 42.355639, -72.358986 42.356695, -72.357241 42.359696, -72.359258 42.363914, -72.357321 42.365009, -72.356365 42.366507, -72.358033 42.366797, -72.360765 42.368775, -72.360817 42.371213, -72.362765 42.372041, -72.363989 42.373637, -72.363723 42.376443, -72.36419 42.378816, -72.366141 42.378239, -72.366659 42.380855, -72.365807 42.381746, -72.363724 42.38182, -72.365837 42.382946, -72.36683 42.385353, -72.363814 42.386672, -72.36427 42.38813, -72.365964 42.388762, -72.365497 42.390633, -72.366699 42.391124, -72.367718 42.394068, -72.367125 42.394583, -72.368825 42.396441, -72.367911 42.397537, -72.369364 42.400283, -72.367995 42.40266, -72.366576 42.403506, -72.369969 42.408032, -72.371411 42.408615, -72.369917 42.410741, -72.373535 42.413392, -72.371967 42.41597, -72.375377 42.419009, -72.375022 42.420819, -72.483696 42.407481, -72.483976 42.408715, -72.489891 42.433816, -72.530968 42.428853, -72.534279 42.442212, -72.534657 42.458474, -72.524333 42.476506, -72.520928 42.510223, -72.459641 42.516427)), ((-72.930260821819 42.7391604699701, -72.9301048286621 42.739157148576, -72.9271903680296 42.7390950941076, -72.8643005207143 42.7377560483853, -72.8576585835063 42.7376146287765, -72.809113 42.736581, -72.8069577886811 42.7365211989318, -72.7910764312897 42.7360805358152, -72.7792570809693 42.7357525819999, -72.6857634884317 42.7331583970788, -72.6746848221827 42.7328509951687, -72.616353485468 42.7312324642083, -72.5986203239781 42.7307404187227, -72.5702884550829 42.7299542888385, -72.5653564273728 42.7298174389051, -72.5167111827822 42.7284676698292, -72.458519 42.726853, -72.4511957433251 42.7266313904827, -72.4378719261575 42.726228197638, -72.4292200847109 42.7259663837358, -72.4120332374223 42.7254462915007, -72.404443 42.706656, -72.377123 42.639282, -72.382517 42.638069, -72.463418 42.619983, -72.461651 42.60648, -72.491 42.604008, -72.49643 42.598016, -72.497071 42.597569, -72.500092 42.596767, -72.502996 42.59849, -72.504456 42.59989, -72.506039 42.603529, -72.507632 42.603895, -72.514366 42.604415, -72.520592 42.604502, -72.523766 42.603915, -72.528887 42.600834, -72.531909 42.599346, -72.539066 42.596781, -72.541098 42.596399, -72.54423 42.597155, -72.545085 42.598096, -72.54543 42.603535, -72.546139 42.605366, -72.549421 42.607472, -72.552711 42.611061, -72.552686 42.612195, -72.552246 42.614995, -72.55186 42.615389, -72.549254 42.617547, -72.550062 42.62457, -72.54892 42.625532, -72.549712 42.626558, -72.551698 42.627009, -72.55069 42.628686, -72.551362 42.630327, -72.550043 42.63189, -72.548432 42.632622, -72.546826 42.635448, -72.549066 42.637899, -72.549135 42.641217, -72.547923 42.64196, -72.545752 42.644398, -72.544535 42.644195, -72.542466 42.645271, -72.540758 42.645022, -72.541331 42.648621, -72.539959 42.650908, -72.541266 42.652585, -72.540785 42.655661, -72.543676 42.655808, -72.554118 42.654697, -72.585795 42.650908, -72.615637 42.647462, -72.620898 42.646872, -72.63304 42.645351, -72.734357 42.633194, -72.735114 42.633108, -72.737069 42.628633, -72.736889 42.627021, -72.741553 42.627301, -72.743953 42.626817, -72.746995 42.622939, -72.745582 42.621504, -72.745408 42.619526, -72.747049 42.618568, -72.749595 42.61805, -72.751724 42.619732, -72.754099 42.620979, -72.759614 42.619816, -72.764282 42.619428, -72.772842 42.620135, -72.777636 42.620969, -72.783541 42.621296, -72.790831 42.619677, -72.797416 42.617727, -72.802915 42.61666, -72.811047 42.616934, -72.81565 42.616807, -72.819986 42.618335, -72.82248 42.618798, -72.831748 42.616627, -72.833422 42.611179, -72.848454 42.559069, -72.877026 42.555425, -72.876849 42.541197, -72.975409 42.556037, -72.954599 42.628654, -72.951039 42.641006, -72.951096 42.641356, -72.952913 42.650895, -72.954275 42.651713, -72.955573 42.654513, -72.955533 42.659374, -72.954358 42.662461, -72.954854 42.66579, -72.957432 42.666972, -72.960443 42.667387, -72.962094 42.667023, -72.963948 42.664294, -72.968763 42.664247, -72.972845 42.662722, -72.974626 42.661041, -72.976254 42.66104, -72.980038 42.664108, -72.982406 42.665201, -72.985529 42.665938, -72.988584 42.667376, -72.993268 42.671046, -72.995686 42.673649, -72.994665 42.674322, -72.989251 42.674233, -72.988533 42.675332, -72.989772 42.678219, -72.988897 42.678663, -72.983884 42.679385, -72.977257 42.679051, -72.975826 42.679422, -72.97561 42.680424, -72.976987 42.682793, -72.977495 42.685913, -72.97352 42.688808, -72.971584 42.689055, -72.963802 42.687492, -72.961375 42.688225, -72.959335 42.689518, -72.957387 42.690113, -72.954353 42.690276, -72.952644 42.691642, -72.951647 42.693951, -72.951736 42.695653, -72.95388 42.698158, -72.951691 42.70051, -72.950229 42.701165, -72.948703 42.703635, -72.949639 42.705111, -72.997878 42.701264, -73.023709 42.70269, -73.0230149955487 42.7411352241426, -73.022903 42.741133, -73.018645354584 42.741042346546, -72.930260821819 42.7391604699701)))"
East Boston,100708.83,34.8,45357,17308,1524,13605,277870,227790,"POLYGON ((-71.029638 42.363352, -71.037999 42.363753, -71.0416821697615 42.3664873177287, -71.042626 42.367188, -71.0437334980831 42.3699110078238, -71.04466 42.372189, -71.046817295921 42.3730407567864, -71.045195 42.377097, -71.044982 42.378543, -71.044298 42.383209, -71.043264 42.383594, -71.039262 42.386831, -71.038357 42.386529, -71.031995 42.384597, -71.027712 42.384041, -71.022672 42.386265, -71.020512 42.387641, -71.017794 42.390697, -71.016094 42.395897, -71.013395 42.397398, -71.011272 42.396589, -71.01193 42.395752, -71.010001 42.39549, -71.011609 42.393493, -71.008579 42.393387, -71.005972 42.392821, -71.004015 42.392589, -70.998233 42.390266, -70.995047 42.393566, -70.994454 42.393316, -70.989771 42.39324, -70.987974 42.392817, -70.987289 42.388734, -70.986053 42.388116, -70.986621 42.387138, -70.988281 42.387107, -70.994239 42.384647, -70.994634 42.382711, -70.994648 42.38115, -70.997994 42.378197, -70.993811 42.377122, -70.996192 42.376202, -70.9978531307301 42.3726342679425, -71.00024 42.372418, -71.002822 42.365945, -71.0016199959101 42.3646770423249, -70.997719 42.360562, -70.988035 42.36188, -70.9858852713334 42.3590611504902, -70.985317 42.358316, -70.9857395963913 42.3579345351261, -70.98955 42.354495, -70.994337 42.353909, -70.999577 42.356408, -71.003741 42.356037, -71.005579 42.347362, -71.007807 42.347145, -71.0277 42.358625, -71.026351 42.361819, -71.0264628524305 42.3622050393619, -71.026916 42.363769, -71.029638 42.363352))"
North End,110063.5,31,9856,5783,973,11715,88195,37775,"POLYGON ((-71.051066 42.363703, -71.051 42.362584, -71.052809 42.360915, -71.052967 42.361029, -71.054925 42.362046, -71.056381 42.362884, -71.056972 42.363208, -71.058433 42.364641, -71.058381 42.365266, -71.058525 42.366952, -71.059795 42.368767, -71.057141 42.369982, -71.054995 42.370697, -71.0526194076875 42.370697, -71.052248 42.369201, -71.05048 42.368073, -71.0503521192944 42.3662546219372, -71.0502102174239 42.364236872291, -71.051084 42.363995, -71.051066 42.363703))"
West End,135384.67,33.8,7506,3986,872,0,0,0,"POLYGON ((-71.058381 42.365266, -71.058433 42.364641, -71.058958 42.363385, -71.062195 42.362258, -71.062911 42.361229, -71.063721 42.361241, -71.065161 42.361201, -71.066911 42.361141, -71.068752 42.36108, -71.070812 42.360902, -71.072355 42.361207, -71.068497 42.366506, -71.070218 42.366148, -71.071537 42.36711, -71.070644 42.367949, -71.070575 42.368015, -71.069478 42.369046, -71.064059 42.369001, -71.062994 42.368391, -71.059795 42.368767, -71.058525 42.366952, -71.058381 42.365266))"
Downtown,143428.75,40.3,9126,4137,1222,0,0,0,"POLYGON ((-71.050039 42.353855, -71.052188 42.351121, -71.054788 42.346871, -71.05647 42.346111, -71.058143 42.345647, -71.05964 42.34486, -71.060609 42.343718, -71.061716 42.343964, -71.060911 42.345709, -71.060705 42.346253, -71.057716 42.347072, -71.057485 42.347658, -71.059401 42.348769, -71.059508 42.351149, -71.058009 42.35235, -71.059828 42.352548, -71.061051 42.352516, -71.062575 42.352399, -71.064562 42.352383, -71.064235 42.353394, -71.063308 42.355209, -71.061956 42.356534, -71.063169 42.357748, -71.062642 42.357977, -71.062817 42.358665, -71.062911 42.361229, -71.062195 42.362258, -71.058958 42.363385, -71.058433 42.364641, -71.056972 42.363208, -71.056381 42.362884, -71.054925 42.362046, -71.052967 42.361029, -71.052809 42.360915, -71.051 42.362584, -71.051066 42.363703, -71.051084 42.363995, -71.0502102174239 42.364236872291, -71.0502003654495 42.364096783808, -71.0498956435004 42.3597638415945, -71.049673 42.356598, -71.0482832741435 42.356018539708, -71.049595 42.354497, -71.050039 42.353855))"
Beacon Hill,142630.33,34.5,8204,5138,1011,5245,35560,16340,"POLYGON ((-71.061956 42.356534, -71.063308 42.355209, -71.064235 42.353394, -71.064562 42.352383, -71.067533 42.352513, -71.070655 42.351854, -71.071079 42.352673, -71.072055 42.354655, -71.072564 42.355439, -71.073464 42.356121, -71.072528 42.357941, -71.072123 42.359465, -71.072355 42.361207, -71.070812 42.360902, -71.068752 42.36108, -71.066911 42.361141, -71.065161 42.361201, -71.063721 42.361241, -71.062911 42.361229, -71.062817 42.358665, -71.062642 42.357977, -71.063169 42.357748, -71.061956 42.356534))"
Chinatown,56074.5,28.6,5015,2415,546,2870,22205,6330,"POLYGON ((-71.059401 42.348769, -71.057485 42.347658, -71.057716 42.347072, -71.060705 42.346253, -71.063039 42.34685, -71.064434 42.347186, -71.06415 42.348405, -71.062761 42.351508, -71.064562 42.352383, -71.062575 42.352399, -71.061051 42.352516, -71.059828 42.352548, -71.058009 42.35235, -71.059508 42.351149, -71.059401 42.348769))"
Bay Village,42243,21.6,3242,966,218,0,0,0,"POLYGON ((-71.066613 42.348761, -71.066868 42.350962, -71.067533 42.352513, -71.064562 42.352383, -71.062761 42.351508, -71.06415 42.348405, -71.064434 42.347186, -71.066158 42.347589, -71.068193 42.347866, -71.066613 42.348761))"
Back Bay,117155.38,42.2,23175,12825,5647,13380,116610,34735,"MULTIPOLYGON (((-70.005033 41.704814, -69.995091 41.711641, -69.994206 41.711846, -69.993269 41.71241, -69.993036 41.713864, -69.988518 41.724994, -69.950675 41.724599, -69.936348 41.723239, -69.937404 41.727529, -69.93992 41.73175, -69.943273 41.735055, -69.947302 41.738598, -69.952547 41.742735, -69.956035 41.74672, -69.957594 41.748999, -69.958224 41.752136, -69.9579 41.755142, -69.962292 41.756923, -69.965822 41.756453, -69.977147 41.756744, -69.981809 41.757168, -69.983156 41.757761, -69.989181 41.757639, -69.987163 41.761731, -69.985695 41.765939, -69.985567 41.769607, -69.9866 41.775136, -69.985949 41.779604, -69.987513 41.782067, -69.987471 41.786523, -69.987963 41.788044, -69.988098 41.788508, -69.986754 41.792132, -69.983498 41.794585, -69.98289 41.796687, -69.979941 41.792908, -69.972273 41.804896, -69.966951 41.806845, -69.965622 41.808589, -69.963929 41.811904, -69.959634 41.814988, -69.956722 41.81506, -69.953164 41.812933, -69.939322 41.810552, -69.9381789777666 41.8103690934476, -69.938024 41.809507, -69.928652 41.74125, -69.9285040274615 41.7225100492893, -69.928393 41.708449, -69.930418 41.691944, -69.933746 41.678631, -69.943728 41.664783, -69.943966 41.65555, -69.947531 41.651465, -69.9515075488493 41.6422113587001, -69.954487 41.639752, -69.958272 41.639429, -69.958994 41.644699, -69.959108 41.647596, -69.958259 41.651015, -69.956325 41.65441, -69.953288 41.658639, -69.950564 41.66201, -69.943936 41.669703, -69.941732 41.675109, -69.941188 41.678862, -69.945681 41.678442, -69.949025 41.677201, -69.956504 41.679573, -69.960167 41.682392, -69.965459 41.682811, -69.968 41.68556, -69.969847 41.686536, -69.970068 41.686612, -69.973254 41.687168, -69.972824 41.689062, -69.975258 41.691372, -69.980711 41.694006, -69.986098 41.694257, -69.990232 41.696154, -69.994176 41.695795, -69.998133 41.696589, -69.998514 41.696425, -70.000275 41.696131, -70.008366 41.697565, -70.010582 41.698393, -70.013308 41.699937, -70.008613 41.702879, -70.006003 41.703586, -70.005033 41.704814)), ((-71.072 42.349022, -71.075096 42.348159, -71.076201 42.347911, -71.076028 42.347309, -71.078086 42.345821, -71.080082 42.344219, -71.08078 42.343744, -71.082648 42.342066, -71.083151 42.341622, -71.084096 42.342192, -71.0849 42.342733, -71.084958 42.34277, -71.085796 42.343332, -71.087455 42.346635, -71.087758 42.3473, -71.087916 42.347461, -71.08871 42.349252, -71.089497 42.350848, -71.089757 42.351363, -71.089862 42.351576, -71.085915 42.352526, -71.081595 42.353704, -71.079464 42.354275, -71.077357 42.354938, -71.075219 42.355507, -71.073464 42.356121, -71.072564 42.355439, -71.072055 42.354655, -71.071079 42.352673, -71.070655 42.351854, -71.070455 42.351417, -71.072822 42.350755, -71.072659 42.35041, -71.072 42.349022)))"
South End,122716.45,38.3,30576,16375,1838,17290,170245,78350,"POLYGON ((-71.072152 42.332727, -71.07337 42.33361, -71.074357 42.332847, -71.075037 42.33349, -71.076119 42.332813, -71.075783 42.334493, -71.077621 42.336001, -71.076941 42.336527, -71.080349 42.339363, -71.08174 42.340671, -71.083151 42.341622, -71.082648 42.342066, -71.08078 42.343744, -71.080082 42.344219, -71.078086 42.345821, -71.076028 42.347309, -71.076201 42.347911, -71.075096 42.348159, -71.072 42.349022, -71.072659 42.35041, -71.072822 42.350755, -71.070455 42.351417, -71.070655 42.351854, -71.067533 42.352513, -71.066868 42.350962, -71.066613 42.348761, -71.068193 42.347866, -71.066158 42.347589, -71.064434 42.347186, -71.063039 42.34685, -71.060705 42.346253, -71.060911 42.345709, -71.061716 42.343964, -71.062215 42.342915, -71.06529 42.337074, -71.065414 42.335441, -71.067131 42.335291, -71.072152 42.332727))"
Fenway,56279.1,28.2,36668,13585,4494,22620,142255,55120,"MULTIPOLYGON (((-69.9971252233437 41.9667576121419, -69.9861958951242 41.9497693722569, -69.986085 41.949597, -69.9860240742306 41.9494649645517, -69.9837096690557 41.9444492950307, -69.968598 41.9117, -69.957460195804 41.8799005262265, -69.979642 41.877258, -69.981582 41.877102, -69.987753 41.87742, -69.990116 41.877196, -69.99301 41.876193, -69.99883 41.87688, -70.000525 41.877702, -70.004497 41.877614, -70.005372 41.878349, -70.004603 41.879965, -70.0064441049312 41.8808134846059, -70.005763 41.881924, -70.000188 41.886938, -70.002922 41.890315, -70.012154 41.891656, -70.018497 41.891528, -70.02424 41.896343, -70.024335 41.89882, -70.021212 41.900148, -70.013606 41.90121, -70.0134194447376 41.904969442757, -70.013369 41.905986, -70.020089 41.907582, -70.025553 41.911699, -70.032305 41.920441, -70.032024 41.924207, -70.0287061232718 41.9278772936863, -70.027392 41.929331, -70.035235 41.930039, -70.044995 41.930049, -70.054962 41.927917, -70.059003 41.925618, -70.061617 41.923496, -70.057815 41.920489, -70.054203 41.920949, -70.058947 41.917105, -70.063137 41.91521, -70.065671 41.911658, -70.065723 41.899641, -70.068986 41.896256, -70.066371 41.886348, -70.066846 41.88334, -70.06901 41.884924, -70.073039 41.899783, -70.074006 41.93865, -70.077225 41.943358, -70.0772923828467 41.9578449682566, -70.0388 41.962868, -70.02807 41.963997, -69.9971252233437 41.9667576121419)), ((-71.092205 42.341335, -71.090844 42.344077, -71.090902 42.346544, -71.092044 42.34685, -71.094303 42.345577, -71.094451 42.345189, -71.094644 42.344549, -71.094611 42.34294, -71.096493 42.341843, -71.098408 42.340791, -71.099062 42.34061, -71.101823 42.342503, -71.102519 42.343375, -71.104307 42.344082, -71.104344 42.344169, -71.105516 42.343812, -71.10674 42.34604, -71.107213 42.347049, -71.106894 42.348588, -71.106854 42.348759, -71.106702 42.349433, -71.10657 42.349912, -71.110936 42.350446, -71.110732 42.351819, -71.103268 42.351075, -71.100244 42.35087, -71.098182 42.350735, -71.094992 42.35057, -71.089862 42.351576, -71.089757 42.351363, -71.089497 42.350848, -71.08871 42.349252, -71.087916 42.347461, -71.087758 42.3473, -71.087455 42.346635, -71.085796 42.343332, -71.084958 42.34277, -71.0849 42.342733, -71.084096 42.342192, -71.083151 42.341622, -71.084681 42.340293, -71.090518 42.335665, -71.090654 42.335744, -71.095745 42.337727, -71.092192 42.339139, -71.092543 42.339513, -71.093217 42.340889, -71.092205 42.341335)))"
South Boston Waterfront,166594.75,34.4,5456,3574,947,4740,36190,21965,"POLYGON ((-71.013895 42.34168, -71.0109482949352 42.3396711987028, -71.013366 42.338887, -71.018005 42.338817, -71.021947 42.337847, -71.025133 42.33831, -71.029317 42.338238, -71.035486 42.338141, -71.037522 42.338095, -71.042475 42.33801, -71.043982 42.337988, -71.045559 42.338718, -71.047072 42.339701, -71.050159 42.341693, -71.051924 42.34253, -71.052357 42.342123, -71.057226 42.34354, -71.05647 42.346111, -71.054788 42.346871, -71.052188 42.351121, -71.050039 42.353855, -71.049595 42.354497, -71.0482832741435 42.356018539708, -71.0339662859699 42.3500489262703, -71.013895 42.34168))"
South Boston,136388.92,33.1,36175,17406,1796,9350,212375,105305,"POLYGON ((-71.052456 42.321466, -71.052904 42.32287, -71.05685 42.326289, -71.056868 42.326867, -71.056915 42.328035, -71.057845 42.328139, -71.057749 42.328376, -71.058241 42.329734, -71.059288 42.329973, -71.063553 42.330791, -71.062798 42.331973, -71.064613 42.334009, -71.065414 42.335441, -71.06529 42.337074, -71.062215 42.342915, -71.061716 42.343964, -71.060609 42.343718, -71.05964 42.34486, -71.058143 42.345647, -71.05647 42.346111, -71.057226 42.34354, -71.052357 42.342123, -71.051924 42.34253, -71.050159 42.341693, -71.047072 42.339701, -71.045559 42.338718, -71.043982 42.337988, -71.042475 42.33801, -71.037522 42.338095, -71.035486 42.338141, -71.029317 42.338238, -71.025133 42.33831, -71.021947 42.337847, -71.018005 42.338817, -71.013366 42.338887, -71.0109482949352 42.3396711987028, -71.010926 42.339656, -71.010177 42.337557, -71.015664 42.330518, -71.024151 42.333159, -71.034704 42.328762, -71.042333 42.330142, -71.047648 42.328087, -71.047426 42.323428, -71.0467260009414 42.323070744949, -71.047841 42.322592, -71.048956 42.323429, -71.050244 42.322017, -71.050283 42.321864, -71.050604 42.320758, -71.050925 42.320876, -71.051368 42.32141, -71.052093 42.321469, -71.052456 42.321466))"
Longwood,69861,20.1,4769,237,29,6860,14840,9605,"POLYGON ((-71.110001 42.340317, -71.104358 42.343358, -71.103275 42.342741, -71.100603 42.340204, -71.098988 42.339095, -71.096885 42.339026, -71.09621 42.339827, -71.093217 42.340889, -71.092543 42.339513, -71.092192 42.339139, -71.095745 42.337727, -71.100306 42.335941, -71.100935 42.336168, -71.10539 42.33786, -71.110001 42.340317))"
Mission Hill,55934.5,26.7,15168,6359,363,8170,79385,49425,"POLYGON ((-71.100113 42.326418, -71.101346 42.326419, -71.104618 42.326092, -71.105231 42.326114, -71.107181 42.326898, -71.108333 42.327318, -71.110832 42.329073, -71.111297 42.330066, -71.112298 42.332003, -71.113016 42.331932, -71.109894 42.335379, -71.110063 42.336307, -71.110697 42.337183, -71.110001 42.340317, -71.10539 42.33786, -71.100935 42.336168, -71.100306 42.335941, -71.095745 42.337727, -71.090654 42.335744, -71.090518 42.335665, -71.094446 42.332386, -71.095351 42.331554, -71.097185 42.331782, -71.097603 42.330772, -71.098495 42.330067, -71.098941 42.329133, -71.099368 42.327995, -71.100113 42.326418))"
Jamaica Plain,118262.14,35.7,42634,18367,724,12200,213035,142740,"POLYGON ((-71.116735 42.296236, -71.115436 42.298206, -71.115434 42.298903, -71.12016 42.295952, -71.121294 42.295199, -71.124217 42.292581, -71.12618 42.290089, -71.127847 42.291, -71.130463 42.293156, -71.129332 42.296362, -71.130068 42.298184, -71.129622 42.298529, -71.127925 42.300157, -71.130904 42.301275, -71.134866 42.301723, -71.136917 42.301189, -71.140135 42.302147, -71.136502 42.306204, -71.134359 42.309252, -71.131863 42.313178, -71.130642 42.31453, -71.123711 42.322716, -71.121528 42.323882, -71.120112 42.322835, -71.119539 42.322745, -71.116537 42.323939, -71.115929 42.325855, -71.115563 42.32678, -71.114547 42.328372, -71.113088 42.332604, -71.111413 42.334525, -71.110808 42.335586, -71.110751 42.336168, -71.111551 42.337299, -71.110597 42.340405, -71.108225 42.342272, -71.105516 42.343812, -71.104344 42.344169, -71.104307 42.344082, -71.102519 42.343375, -71.101823 42.342503, -71.099062 42.34061, -71.098408 42.340791, -71.096493 42.341843, -71.094611 42.34294, -71.094644 42.344549, -71.094451 42.345189, -71.094303 42.345577, -71.092044 42.34685, -71.090902 42.346544, -71.090844 42.344077, -71.092205 42.341335, -71.093217 42.340889, -71.09621 42.339827, -71.096885 42.339026, -71.098988 42.339095, -71.100603 42.340204, -71.103275 42.342741, -71.104358 42.343358, -71.110001 42.340317, -71.110697 42.337183, -71.110063 42.336307, -71.109894 42.335379, -71.113016 42.331932, -71.112298 42.332003, -71.111297 42.330066, -71.110832 42.329073, -71.108333 42.327318, -71.107181 42.326898, -71.105231 42.326114, -71.104618 42.326092, -71.101346 42.326419, -71.100113 42.326418, -71.099278 42.326361, -71.098917 42.325025, -71.098398 42.324934, -71.09862 42.324196, -71.098412 42.319572, -71.098308 42.315789, -71.095145 42.313282, -71.096248 42.312492, -71.096832 42.312246, -71.097848 42.311067, -71.100716 42.306566, -71.10269 42.305966, -71.102713 42.305269, -71.104335 42.302763, -71.10485 42.30232, -71.105702 42.301665, -71.106655 42.30088, -71.104661 42.300271, -71.105517 42.298831, -71.109596 42.299098, -71.112075 42.296178, -71.115368 42.294572, -71.114 42.29374, -71.1134 42.293118, -71.1139 42.292482, -71.114432 42.291572, -71.114402 42.290649, -71.116587 42.289111, -71.11726 42.289864, -71.119282 42.290235, -71.119259 42.290486, -71.119171 42.291205, -71.11882 42.292527, -71.118415 42.293409, -71.116735 42.296236))"
Roxbury,45737.24,34.7,54015,20475,1939,20140,199375,187470,"MULTIPOLYGON (((-71.10269 42.305966, -71.100716 42.306566, -71.097848 42.311067, -71.096832 42.312246, -71.096248 42.312492, -71.095145 42.313282, -71.098308 42.315789, -71.098412 42.319572, -71.09862 42.324196, -71.098398 42.324934, -71.098917 42.325025, -71.099278 42.326361, -71.100113 42.326418, -71.099368 42.327995, -71.098941 42.329133, -71.098495 42.330067, -71.097603 42.330772, -71.097185 42.331782, -71.095351 42.331554, -71.094446 42.332386, -71.090518 42.335665, -71.084681 42.340293, -71.083151 42.341622, -71.08174 42.340671, -71.080349 42.339363, -71.076941 42.336527, -71.077621 42.336001, -71.075783 42.334493, -71.076119 42.332813, -71.075037 42.33349, -71.074357 42.332847, -71.07337 42.33361, -71.072152 42.332727, -71.067131 42.335291, -71.065414 42.335441, -71.064613 42.334009, -71.062798 42.331973, -71.063553 42.330791, -71.066655 42.325845, -71.067507 42.323297, -71.068061 42.321281, -71.069842 42.321567, -71.072204 42.321359, -71.071276 42.32016, -71.069698 42.318947, -71.070388 42.317441, -71.073011 42.317035, -71.072825 42.316544, -71.073145 42.314217, -71.072231 42.313409, -71.073171 42.312222, -71.074649 42.312841, -71.077005 42.313713, -71.078823 42.314608, -71.079683 42.313219, -71.080088 42.312691, -71.080312 42.312418, -71.082012 42.310256, -71.082668 42.309535, -71.082804 42.309331, -71.083078 42.308772, -71.083254 42.308469, -71.083898 42.30759, -71.084299 42.307015, -71.084923 42.304428, -71.085246 42.303446, -71.085903 42.301381, -71.086992 42.298142, -71.089635 42.297498, -71.09135 42.296922, -71.093173 42.294613, -71.094542 42.293021, -71.095759 42.291973, -71.096181 42.292886, -71.096402 42.293235, -71.103291 42.299806, -71.104661 42.300271, -71.106655 42.30088, -71.105702 42.301665, -71.10485 42.30232, -71.104335 42.302763, -71.102713 42.305269, -71.10269 42.305966)), ((-70.960495 41.992887, -70.956164 41.992787, -70.956359 41.990006, -70.960879 41.987975, -70.960402 41.985928, -70.963911 41.983377, -70.967681 41.987255, -70.968887 41.986487, -70.972285 41.986069, -70.975452 41.987175, -70.972865 41.987847, -70.970377 41.989976, -70.967012 41.988953, -70.965584 41.991872, -70.960495 41.992887)))"
Dorchester,70507.03,35.1,124460,45629,4251,21475,409375,429350,"POLYGON ((-71.069501 42.278813, -71.071015 42.278314, -71.072774 42.278073, -71.073166 42.27805, -71.078891 42.278567, -71.080438 42.27896, -71.081102 42.279394, -71.082634 42.280368, -71.082735 42.280409, -71.085504 42.280991, -71.087048 42.281565, -71.089108 42.283134, -71.089298 42.283573, -71.089785 42.283936, -71.091569 42.284214, -71.09286 42.28513, -71.093887 42.287668, -71.095759 42.291973, -71.094542 42.293021, -71.093173 42.294613, -71.09135 42.296922, -71.089635 42.297498, -71.086992 42.298142, -71.085903 42.301381, -71.085246 42.303446, -71.084923 42.304428, -71.084299 42.307015, -71.083898 42.30759, -71.083254 42.308469, -71.083078 42.308772, -71.082804 42.309331, -71.082668 42.309535, -71.082012 42.310256, -71.080312 42.312418, -71.080088 42.312691, -71.079683 42.313219, -71.078823 42.314608, -71.077005 42.313713, -71.074649 42.312841, -71.073171 42.312222, -71.072231 42.313409, -71.073145 42.314217, -71.072825 42.316544, -71.073011 42.317035, -71.070388 42.317441, -71.069698 42.318947, -71.071276 42.32016, -71.072204 42.321359, -71.069842 42.321567, -71.068061 42.321281, -71.067507 42.323297, -71.066655 42.325845, -71.063553 42.330791, -71.059288 42.329973, -71.058241 42.329734, -71.057749 42.328376, -71.057845 42.328139, -71.056915 42.328035, -71.056868 42.326867, -71.05685 42.326289, -71.052904 42.32287, -71.052456 42.321466, -71.052093 42.321469, -71.051368 42.32141, -71.050925 42.320876, -71.050604 42.320758, -71.050283 42.321864, -71.050244 42.322017, -71.048956 42.323429, -71.047841 42.322592, -71.0467260009414 42.323070744949, -71.0400298066474 42.3196532414466, -71.033099 42.316116, -71.032777 42.313472, -71.037293 42.310132, -71.0391587234278 42.3098996198039, -71.0401595786891 42.3097749609512, -71.044832 42.309193, -71.0474393475483 42.3037469777322, -71.047616 42.303378, -71.044495 42.301496, -71.045971080436 42.2993124833707, -71.046786 42.298107, -71.0437321577228 42.2929582753061, -71.043697 42.292899, -71.03988 42.292455, -71.037974 42.288675, -71.039306 42.285495, -71.0381271228924 42.284715047516, -71.03908 42.283966, -71.039293 42.283799, -71.040494 42.281898, -71.041594 42.278098, -71.042782 42.277102, -71.04488 42.276266, -71.049802 42.2781, -71.053284 42.277502, -71.055575 42.275052, -71.053494 42.272458, -71.053836 42.271699, -71.062189 42.267159, -71.064695 42.268607, -71.065097 42.270659, -71.067815 42.271396, -71.06814 42.271, -71.068018 42.272216, -71.067189 42.275504, -71.066503 42.277904, -71.06592 42.279928, -71.069501 42.278813))"
West Roxbury,119852.5,42.5,32073,13357,755,8430,187070,177525,"POLYGON ((-71.145529 42.259229, -71.144116 42.25932, -71.142834 42.255943, -71.143804 42.254436, -71.146127 42.252964, -71.146306 42.253933, -71.146642 42.255755, -71.150386 42.25746, -71.152118 42.258247, -71.155958 42.256485, -71.158584 42.255155, -71.161574 42.257546, -71.163393 42.259023, -71.167393 42.262197, -71.168604 42.26316, -71.171541 42.266142, -71.174154 42.267021, -71.174609 42.268373, -71.172953 42.270298, -71.173342 42.270849, -71.173583 42.271415, -71.174847 42.273729, -71.174418 42.275042, -71.174565 42.275576, -71.176781 42.276799, -71.182895 42.275853, -71.183159 42.275913, -71.185307 42.279497, -71.185511 42.279682, -71.188212 42.280438, -71.19051 42.281648, -71.191247 42.282992, -71.190904 42.283248, -71.178636 42.294595, -71.169808 42.300443, -71.164702 42.30383, -71.153691 42.295746, -71.152113 42.294588, -71.1503 42.29553, -71.146883 42.29728, -71.140135 42.302147, -71.136917 42.301189, -71.134866 42.301723, -71.130904 42.301275, -71.127925 42.300157, -71.129622 42.298529, -71.130068 42.298184, -71.132978 42.296829, -71.13601 42.294429, -71.137305 42.293356, -71.139746 42.291299, -71.143052 42.288604, -71.145124 42.288114, -71.147322 42.287412, -71.147746 42.286654, -71.147775 42.285995, -71.147401 42.283893, -71.147025 42.283278, -71.145519 42.281804, -71.143956 42.280502, -71.142485 42.27757, -71.145231 42.276332, -71.145705 42.27505, -71.143664 42.272847, -71.147289 42.269994, -71.150086 42.267577, -71.146434 42.264583, -71.146999 42.26142, -71.145529 42.259229))"
Roslindale,98518.89,37.6,30321,11836,766,7760,151100,158440,"POLYGON ((-71.113431 42.279941, -71.115342 42.278039, -71.116377 42.278859, -71.115734 42.277295, -71.117207 42.275871, -71.119534 42.276868, -71.119993 42.278819, -71.120303 42.27842, -71.121435 42.274639, -71.121456 42.273776, -71.124914 42.272699, -71.125794 42.273468, -71.128245 42.274245, -71.12867 42.273895, -71.131121 42.273047, -71.132703 42.274037, -71.133781 42.274396, -71.136592 42.27151, -71.140653 42.275179, -71.140928 42.276916, -71.143956 42.280502, -71.145519 42.281804, -71.147025 42.283278, -71.147401 42.283893, -71.147775 42.285995, -71.147746 42.286654, -71.147322 42.287412, -71.145124 42.288114, -71.143052 42.288604, -71.139746 42.291299, -71.137305 42.293356, -71.13601 42.294429, -71.132978 42.296829, -71.130068 42.298184, -71.129332 42.296362, -71.130463 42.293156, -71.127847 42.291, -71.12618 42.290089, -71.124217 42.292581, -71.121294 42.295199, -71.12016 42.295952, -71.115434 42.298903, -71.115436 42.298206, -71.116735 42.296236, -71.118415 42.293409, -71.11882 42.292527, -71.119171 42.291205, -71.119259 42.290486, -71.119282 42.290235, -71.11726 42.289864, -71.116587 42.289111, -71.114402 42.290649, -71.114432 42.291572, -71.1139 42.292482, -71.1134 42.293118, -71.112628 42.292191, -71.107947 42.288616, -71.105401 42.286718, -71.109428 42.284652, -71.112183 42.281936, -71.110894 42.28035, -71.112232 42.280214, -71.113431 42.279941))"
Mattapan,72463.8,36.9,26345,9232,810,5920,114710,230945,"POLYGON ((-71.082735 42.280409, -71.082634 42.280368, -71.081102 42.279394, -71.080438 42.27896, -71.078891 42.278567, -71.073166 42.27805, -71.072774 42.278073, -71.071015 42.278314, -71.069501 42.278813, -71.06592 42.279928, -71.066503 42.277904, -71.067189 42.275504, -71.068018 42.272216, -71.06814 42.271, -71.072044 42.270817, -71.073264 42.270317, -71.075246 42.2703, -71.076492 42.270509, -71.080852 42.269322, -71.082761 42.268634, -71.089403 42.26969, -71.090258 42.266639, -71.093736 42.267136, -71.093908 42.26714, -71.096752 42.264338, -71.097899 42.262882, -71.099676 42.264841, -71.099623 42.265501, -71.101243 42.266829, -71.104367 42.269534, -71.103358 42.271002, -71.106563 42.271768, -71.108415 42.273505, -71.109191 42.274363, -71.110374 42.275065, -71.114188 42.2771, -71.115342 42.278039, -71.113431 42.279941, -71.112232 42.280214, -71.110894 42.28035, -71.112183 42.281936, -71.109428 42.284652, -71.105401 42.286718, -71.107947 42.288616, -71.112628 42.292191, -71.1134 42.293118, -71.114 42.29374, -71.115368 42.294572, -71.112075 42.296178, -71.109596 42.299098, -71.105517 42.298831, -71.104661 42.300271, -71.103291 42.299806, -71.096402 42.293235, -71.096181 42.292886, -71.095759 42.291973, -71.093887 42.287668, -71.09286 42.28513, -71.091569 42.284214, -71.089785 42.283936, -71.089298 42.283573, -71.089108 42.283134, -71.087048 42.281565, -71.085504 42.280991, -71.082735 42.280409))"
Hyde Park,100727.86,39,37963,13160,422,4690,103775,108725,"POLYGON ((-71.113009 42.258689, -71.112392 42.258116, -71.109544 42.255412, -71.109465 42.25241, -71.109347 42.24799, -71.112057 42.246585, -71.114563 42.245284, -71.116529 42.244274, -71.12567 42.239527, -71.126377 42.239162, -71.122517 42.235199, -71.122602 42.234515, -71.124587 42.234012, -71.125477 42.231882, -71.12742 42.231176, -71.130749 42.227911, -71.130771 42.227926, -71.136665 42.23191, -71.139241 42.23366, -71.142681 42.235998, -71.143498 42.240065, -71.144069 42.242819, -71.146127 42.252964, -71.143804 42.254436, -71.142834 42.255943, -71.144116 42.25932, -71.145529 42.259229, -71.146999 42.26142, -71.146434 42.264583, -71.150086 42.267577, -71.147289 42.269994, -71.143664 42.272847, -71.145705 42.27505, -71.145231 42.276332, -71.142485 42.27757, -71.143956 42.280502, -71.140928 42.276916, -71.140653 42.275179, -71.136592 42.27151, -71.133781 42.274396, -71.132703 42.274037, -71.131121 42.273047, -71.12867 42.273895, -71.128245 42.274245, -71.125794 42.273468, -71.124914 42.272699, -71.121456 42.273776, -71.121435 42.274639, -71.120303 42.27842, -71.119993 42.278819, -71.119534 42.276868, -71.117207 42.275871, -71.115734 42.277295, -71.116377 42.278859, -71.115342 42.278039, -71.114188 42.2771, -71.110374 42.275065, -71.109191 42.274363, -71.108415 42.273505, -71.106563 42.271768, -71.103358 42.271002, -71.104367 42.269534, -71.101243 42.266829, -71.099623 42.265501, -71.099676 42.264841, -71.097899 42.262882, -71.103672 42.259723, -71.104062 42.259862, -71.105001 42.260804, -71.108405 42.261116, -71.11146 42.260769, -71.11326 42.258926, -71.113009 42.258689))"
